{
    "original_notes": 5239080,
    "generated_notes": 762,
    "original_mean": 603.6636392267345,
    "generated_mean": -2.372703412073491,
    "original_std": 344.9059174154965,
    "generated_std": 12.132370976027813
}